Feature,Importance
HbA1c_level,0.4371156722505222
blood_glucose_level,0.32814125706109665
age,0.11639247401917886
BMI,0.06494828108750693
hypertension,0.026213921209234606
heart_disease,0.0179770728750816
smoking_history_non-smoker,0.003253714102892987
smoking_history_past_smoker,0.002674322863613794
gender_Male,0.0013786264402586596
gender_Female,0.0012120875838407394
smoking_history_current,0.0006925705067728767
